,Putere discriminare,PValues
Z1,203.16180145681852,1.1102230246251565e-16
Z2,26.248543455924498,1.3847145652334802e-10
