Clasa,Acuratețe,Acuratețe (%)
Adelie,0.6274509803921569,62.745098039215684
Chinstrap,1.0,100.0
Gentoo,1.0,100.0
