Clasa,Acuratețe,Acuratețe (%)
Adelie,1.0,100.0
Chinstrap,0.9791666666666666,97.91666666666666
Gentoo,0.9888888888888889,98.88888888888889
