,Putere discriminare,PValues
pelvic_incidence,43.54964086451735,7.771561172376096e-16
pelvic_tilt,10.978036841851274,3.406230718761005e-05
lumbar_lordosis_angle,62.528973452132895,1.1102230246251565e-16
sacral_slope,42.29990684477609,1.7763568394002505e-15
pelvic_radius,6.32205877459571,0.0022774863578769455
degree_spondylolisthesis,128.21871408999849,1.1102230246251565e-16
