Judet,Localitate,medie
ab,Alba Iulia,0.7630721428571429
cj,Cluj-Napoca,0.8224978571428573
tm,Timisoara,0.8630292857142857
