,Hernia,Normal,Spondylolisthesis,Acuratete
Hernia,10,3,0,76.92307692307692
Normal,3,23,2,82.14285714285714
Spondylolisthesis,1,0,29,96.66666666666667
