,Putere discriminare,PValues
Z1,214.01615359317165,1.1102230246251565e-16
Z2,19.56756293138105,2.4990145286452048e-08
